rep,two_stage_cot,best_of_n,t0,tmax,experiment,csv_score_mean,csv_score_std,csv_score_min,csv_score_max,text_score_mean,text_score_std,text_score_min,text_score_max,bleu_mean,bleu_std,bleu_min,bleu_max,spice_mean,spice_std,spice_min,spice_max,best_score_mean,best_score_std,best_score_min,best_score_max,n_tests
1,False,1,0,0,rep1_tsfalse_bon1_t0_tmax_0_,0.28333545591021886,0.416109134429783,0.0,1.0,0.296283209287555,0.26424373839768756,0.0034710785529880484,0.7157776185897019,0.2336980109970251,0.239232746259363,0.006942157105976097,0.6639762881157338,0.358868407578085,0.30516617606479934,0.0,0.8000000000000002,0.6462853318644406,0.6095516506104431,0.0034710785529880484,1.7157776185897018,11
1,False,2,0,0,rep1_tsfalse_bon2_t0_tmax_0_,0.28333545591021886,0.416109134429783,0.0,1.0,0.296283209287555,0.26424373839768756,0.0034710785529880484,0.7157776185897019,0.2336980109970251,0.239232746259363,0.006942157105976097,0.6639762881157338,0.358868407578085,0.30516617606479934,0.0,0.8000000000000002,0.6462853318644406,0.6095516506104431,0.0034710785529880484,1.7157776185897018,11
1,False,3,0,0,rep1_tsfalse_bon3_t0_tmax_0_,0.28333545591021886,0.416109134429783,0.0,1.0,0.296283209287555,0.26424373839768756,0.0034710785529880484,0.7157776185897019,0.2336980109970251,0.239232746259363,0.006942157105976097,0.6639762881157338,0.358868407578085,0.30516617606479934,0.0,0.8000000000000002,0.6462853318644406,0.6095516506104431,0.0034710785529880484,1.7157776185897018,11
1,True,1,0,0,rep1_tstrue_bon1_t0_tmax_0_,0.2890625,0.45185320289258296,0.0,1.0,0.3153606401379075,0.28038424717403354,0.0,0.7709723313682506,0.2627413958632911,0.2829751568355433,0.0,0.7419446627365011,0.3679798844125239,0.3170347639803776,0.0,0.8000000000000002,0.6044231401379074,0.6467782885466494,0.0,1.7709723313682506,11
1,True,2,0,0,rep1_tstrue_bon2_t0_tmax_0_,0.2890625,0.45185320289258296,0.0,1.0,0.3153606401379075,0.28038424717403354,0.0,0.7709723313682506,0.2627413958632911,0.2829751568355433,0.0,0.7419446627365011,0.3679798844125239,0.3170347639803776,0.0,0.8000000000000002,0.6044231401379074,0.6467782885466494,0.0,1.7709723313682506,10
