Product_Class_Code,average_sale_value
0,22800,18.846947
1,22825,7.815156
2,22850,21.317448
3,22875,6.843950
4,22900,57.666971
5,22925,11.892139
6,22950,8.531941
7,22975,23.364919
8,24375,37.421764
9,24400,17.938919
10,24425,24.578190
