Product_Class_Code,sum(Total_Sale_Value)
0,22850,55877.100128
1,22900,28289.710897
2,24425,12944.479937
3,22975,1913.270003
4,22950,682.299982
