Product_Class_Code,total_revenue,total_units
0,22975,1.135793e+06,64028.0
1,22800,8.047909e+05,59710.0
2,24425,7.089950e+05,42726.0
3,24400,6.123823e+05,43787.0
4,22850,4.873798e+05,47988.0
5,22900,4.447206e+05,9750.0
6,24375,4.390179e+05,13785.0
7,22875,2.937181e+05,61898.0
8,22950,1.409884e+05,28590.0
9,22925,1.197567e+05,16921.0
10,22825,1.081189e+05,16054.0
