Month,Total_Revenue,Total_Units_Sold
0,1,434172.808300,33653.0
1,2,411762.718244,31545.0
2,3,423070.838309,32460.0
3,4,384479.678311,30199.0
4,5,381326.428023,31154.0
5,6,364806.737856,29082.0
6,7,353284.207838,27932.0
7,8,401061.537729,31903.0
8,9,422554.967469,31847.0
9,10,454231.057104,38208.0
10,11,511104.287418,41043.0
11,12,874263.668331,60941.0
