week_number,weekly_sales
0,44,105036.899570
1,45,108722.689569
2,46,107143.329534
3,47,146418.319590
4,48,154895.499637
5,49,174672.269825
6,50,246484.999771
7,51,270542.909540
8,52,97049.629580
