month,total_revenue
0,December,2021,910982.118423
1,November,2021,499984.428193
