name,columns_iou,rows_iou,data_iou
gptoss20-gpt,0.5235241222925952,0.4972222222222223,0.8073260073260073
qwen3-gpt,0.5395866038723182,0.5130952380952382,0.7705856701655021
llama3-gpt,0.5123582766439909,0.2822315161298212,0.4169784913835058
